Id,Pred_SalePrice
1461,111446.03306927717
1462,154762.90285660367
1463,176393.45180866157
1464,198566.68126050994
1465,197310.47746877742
1466,179471.9765819679
1467,195550.28570220777
1468,170598.49118945902
1469,191243.56867456465
1470,117336.73060692247
1471,206493.04254058652
1472,103154.07903088807
1473,93348.95919225033
1474,149066.9869231101
1475,109598.17455705503
1476,329870.07487383485
1477,240608.18415914706
1478,298915.8420627883
1479,291048.6480945607
1480,404899.96094598225
1481,283978.4055829654
1482,214543.3142125974
1483,185332.516387846
1484,174538.98336981083
1485,201502.74381986994
1486,209383.1177517523
1487,291977.15627196635
1488,237794.98199123255
1489,192640.7560467621
1490,241217.0096775227
1491,217985.23398113245
1492,90159.62452326664
1493,214848.15611798878
1494,275891.3353033801
1495,260345.3519684503
1496,245922.3997868564
1497,174668.43782177047
1498,178416.60336366115
1499,170535.86950329857
1500,167403.1626806854
1501,202372.05495263374
1502,164764.24978422036
1503,271572.7691823372
1504,240631.38890158216
1505,225221.90399447415
1506,197619.7023026648
1507,242523.8929003986
1508,205681.18466412125
1509,152828.99190427508
1510,138275.00526900456
1511,157575.93582782117
1512,182851.93541921396
1513,151371.77387914166
1514,147997.72374477884
1515,200176.78806689245
1516,161785.92680710476
1517,169546.94029816153
1518,126622.81055522503
1519,229627.1264120479
1520,129917.16159107607
1521,129723.65821479492
1522,187036.98015089304
1523,93667.84374518335
1524,112562.21663227981
1525,99571.57617361938
1526,94536.27935288558
1527,96964.5329381873
1528,138798.45004427485
1529,142962.43284227332
1530,194539.3408348342
1531,154994.98716383992
1532,104518.56828017048
1533,154049.14889805502
1534,147372.95149968585
1535,160008.10260314823
1536,107851.12801462632
1537,70248.9276093186
1538,158864.23187273083
1539,224297.17800812997
1540,125677.19531322448
1541,151063.6057034065
1542,136332.1908958034
1543,177209.0922524856
1544,79701.17200558403
1545,94876.1290108106
1546,138996.84174920418
1547,144437.0917519802
1548,119253.92111651986
1549,112867.08610354248
1550,129622.15879798448
1551,127776.71627098971
1552,150355.7815612698
1553,160467.3964319207
1554,116144.68999487984
1555,169667.45004419144
1556,87917.91407403453
1557,106126.31045066654
1558,118056.16180816344
1559,86793.97908873294
1560,138978.31411329508
1561,148210.06384575512
1562,140298.25547923124
1563,121522.85224859443
1564,167571.80552423446
1565,146341.1292947586
1566,223897.42940468225
1567,85926.67211418354
1568,238626.81041409203
1569,143712.70568345487
1570,138360.52028250406
1571,103927.39104516293
1572,140341.2653991916
1573,230508.42088131854
1574,127527.21383410395
1575,228375.83642315748
1576,257146.73855364692
1577,189128.58917320296
1578,156171.23159876995
1579,131347.4647349632
1580,195618.55012654045
1581,158156.6624735501
1582,119718.43957346112
1583,280379.74424902006
1584,224076.4321300502
1585,156098.88966522235
1586,48070.67807225458
1587,103007.39995836976
1588,152238.42195352144
1589,107937.04908818545
1590,132270.00828195704
1591,76516.72222953415
1592,147756.78508351714
1593,121966.32905768679
1594,138871.05724599445
1595,115325.99640455983
1596,214177.74491966117
1597,170750.90131303418
1598,192900.0444015194
1599,175742.68789861546
1600,178683.81000655636
1601,41967.30357399382
1602,124185.73864806064
1603,89899.93529127978
1604,261717.27841967705
1605,236597.1801608308
1606,170064.63686812436
1607,173613.32518430398
1608,229543.06236473104
1609,193222.51566959114
1610,158993.9353711214
1611,131292.3089874629
1612,196687.30185706526
1613,175122.276149525
1614,137086.9860282506
1615,86191.6933190354
1616,66186.69396033793
1617,78112.73680541408
1618,115934.86492472317
1619,143828.9839422136
1620,178308.95601562687
1621,136360.66558139527
1622,163299.74041119748
1623,245377.31318775733
1624,224329.2086698093
1625,119520.02496718345
1626,183990.65318413614
1627,195494.34153710498
1628,271078.78095454205
1629,174946.38579026962
1630,307190.73936230555
1631,219271.4683881234
1632,224065.8819498999
1633,181824.57131230744
1634,186499.46140467149
1635,188864.47753353496
1636,162949.21944957387
1637,198164.80931693825
1638,201767.0069687731
1639,176507.90811525797
1640,245668.2646548441
1641,183490.61511650967
1642,252921.89814574437
1643,219304.40100081832
1644,232343.8731712682
1645,237517.20294186982
1646,172119.123540027
1647,165780.88220893676
1648,131851.21567959065
1649,148091.8884986493
1650,106504.82211016011
1651,118126.17663749537
1652,103165.28163784859
1653,99132.93508962292
1654,148264.2924965896
1655,143692.57007711625
1656,141904.17763162815
1657,145964.22666316078
1658,153134.48813939327
1659,108987.63941687856
1660,158201.5791046978
1661,391284.36301541934
1662,320547.1398149229
1663,346387.7430454122
1664,403231.7653199539
1665,303266.86005984695
1666,302931.61231799383
1667,331360.2891932595
1668,332606.38797374594
1669,297172.39181885985
1670,328166.09926887054
1671,265479.3025487041
1672,366316.9360048399
1673,280729.58083612303
1674,246611.36554528045
1675,215082.71165637995
1676,213329.69407840882
1677,214467.67470012073
1678,394699.5955626792
1679,338963.1876754381
1680,306615.28429233615
1681,267165.60152849584
1682,289333.638369944
1683,190164.26985413962
1684,193833.74124012588
1685,202187.2352789458
1686,180843.9153662541
1687,189857.68805237772
1688,209914.28429821928
1689,214642.37111924693
1690,214167.66430747818
1691,202270.72774036814
1692,267501.76950751035
1693,188130.95441345562
1694,185880.35661182686
1695,163572.61146453445
1696,260503.71519084307
1697,166258.3632210347
1698,296800.92973415996
1699,305573.09953051363
1700,242818.5673892159
1701,263383.6630359937
1702,252152.65062356737
1703,247821.58853188728
1704,272207.54536167806
1705,271439.99442457967
1706,371476.5846526514
1707,224766.4649110507
1708,211262.60644682136
1709,267500.6222436871
1710,227389.50241092415
1711,274802.0402468004
1712,252491.05784984623
1713,264608.9162668759
1714,224261.31610649475
1715,213926.80708663387
1716,186048.451320356
1717,186506.00132888107
1718,137363.45530813446
1719,222358.21069574275
1720,264132.3651107171
1721,181559.50148587523
1722,131455.25575250748
1723,170556.3466096268
1724,213651.4126132281
1725,239590.78904531128
1726,200464.75861291203
1727,160691.85334898118
1728,198979.02351484064
1729,165961.79005539432
1730,152163.5971306932
1731,129254.67897081799
1732,136029.30981256277
1733,110963.42161254016
1734,125752.9511810881
1735,151866.3698481018
1736,105839.272708034
1737,285075.19810202334
1738,229538.3884696403
1739,253192.60227049247
1740,216472.58838011933
1741,198200.18418441838
1742,182308.1769493064
1743,192648.34531724433
1744,308618.8123785126
1745,212343.04370258178
1746,199273.18791127612
1747,215497.29316520673
1748,220583.5659660369
1749,172233.45146690708
1750,136744.15016050165
1751,258233.97945881405
1752,109193.94370519592
1753,150486.2544579713
1754,203149.56366101545
1755,190007.82072368287
1756,126750.89101746347
1757,112588.42163692646
1758,152041.11782522104
1759,163464.08687857183
1760,166506.26614817922
1761,157510.00774460257
1762,176631.77604836735
1763,186134.37451217766
1764,102449.95415215536
1765,166958.8149195634
1766,192063.94393152377
1767,227118.991729432
1768,138058.1691636881
1769,172193.449041014
1770,167108.60300397943
1771,108261.09929228759
1772,136646.92745549115
1773,117817.3546205724
1774,154877.76057428247
1775,140997.12510742823
1776,124427.70725940664
1777,107566.80040210368
1778,141004.19413283706
1779,125260.21293619201
1780,178129.02507501686
1781,117562.11155310819
1782,76665.9565750366
1783,151544.50927889167
1784,115815.24004664626
1785,134877.35107817815
1786,141065.88361808567
1787,180882.41528612928
1788,78876.33618585565
1789,103159.1584888076
1790,64785.430215473374
1791,208042.34787556008
1792,157198.8367792611
1793,146091.30424990825
1794,165125.14345224173
1795,131239.00347872474
1796,145511.2482624277
1797,141837.01547077758
1798,114332.44583020532
1799,91625.6742809048
1800,125813.46928786213
1801,119382.25049152035
1802,137225.2080245929
1803,155421.80672034994
1804,147530.68450212415
1805,141138.05789019365
1806,134515.09064855654
1807,156198.1598950552
1808,128663.30188487495
1809,127245.55053949478
1810,141401.90787058248
1811,129720.56276054954
1812,115088.27829630744
1813,118136.9185875979
1814,97247.82049276974
1815,42205.95818681066
1816,110465.26308566133
1817,137186.2488401134
1818,181451.0603310201
1819,146758.57730125234
1820,67375.56353113908
1821,128447.22872072052
1822,166417.93239170694
1823,57247.68573662345
1824,126984.258729101
1825,134003.237613636
1826,104973.38777669054
1827,82367.48154976557
1828,124003.22013307513
1829,137391.71931077863
1830,154835.34908958303
1831,148679.24911399023
1832,90021.7282531855
1833,147444.83645209443
1834,133954.15241082135
1835,135983.78591388464
1836,116044.50777545302
1837,94440.95850746862
1838,117505.79938422235
1839,126974.68767957996
1840,134712.13921046158
1841,117683.9853478397
1842,92588.96162242228
1843,135512.29823525657
1844,146064.39468145953
1845,138709.5476104549
1846,162776.66326973194
1847,158070.40226012556
1848,48921.601166783104
1849,108977.19364753702
1850,106765.06809363351
1851,148650.71370214876
1852,124730.34119681374
1853,134484.719798741
1854,177376.78730727287
1855,166833.2894859769
1856,229774.6963382376
1857,149737.19973574136
1858,138420.30955706188
1859,109846.99378888137
1860,155011.65828245587
1861,109554.43718488982
1862,295988.56142295705
1863,295161.3842936841
1864,295172.9643520848
1865,324029.29202654504
1866,325480.2177123537
1867,232046.56671632867
1868,294829.07946780877
1869,218447.59896055388
1870,232647.30625308288
1871,255389.07009862753
1872,198947.09862213768
1873,225358.42316410367
1874,137317.1272983441
1875,192063.64899418785
1876,191205.55038786316
1877,211276.42871887577
1878,208732.97256522864
1879,124195.86085045997
1880,125491.23375119024
1881,248702.73067146502
1882,250642.98371764217
1883,192592.20309048318
1884,203750.32868785536
1885,230641.55067515795
1886,275372.32615141454
1887,223068.12816093917
1888,261873.6782366819
1889,180641.00204041053
1890,111863.53328800474
1891,139166.40889975644
1892,81933.64788255483
1893,127593.70927286604
1894,111528.4688956458
1895,134173.04105031054
1896,124763.49761291774
1897,115683.13369889272
1898,117600.90564434072
1899,147601.86716507934
1900,134436.65690534934
1901,145111.23432089988
1902,133638.31805979664
1903,195075.8838042978
1904,125271.08879571571
1905,181957.0952029691
1906,154244.76967778723
1907,202547.30849327045
1908,100874.9614344607
1909,144541.0831939516
1910,121293.48894204387
1911,192291.6761239319
1912,264380.17612730217
1913,183164.90589781216
1914,61893.33343612848
1915,287390.5085480505
1916,45911.65303851315
1917,245057.1156341131
1918,144682.70666214038
1919,183846.483261424
1920,159669.65773439087
1921,355054.9595885204
1922,319170.41577468463
1923,233057.95953929363
1924,242434.03579990251
1925,222201.9265547273
1926,354229.74252662656
1927,140150.39947558043
1928,174263.15899204483
1929,123923.19029747832
1930,141082.24812425085
1931,150972.46241693594
1932,142628.52591850492
1933,181650.76338793046
1934,179200.4573911595
1935,175243.93680779298
1936,193746.89262401397
1937,183751.69209996256
1938,185082.05860336486
1939,240056.3864141499
1940,194619.9849979875
1941,174367.97884484037
1942,195517.92442060073
1943,202022.62150687116
1944,322316.4812025047
1945,337922.88197565277
1946,150193.37144756177
1947,288488.7906963758
1948,176764.0109630286
1949,255637.5181545558
1950,192864.35848770948
1951,264794.7787621528
1952,221516.3328874817
1953,204443.15927236556
1954,185590.73094014783
1955,124796.5612367859
1956,333107.71716430236
1957,152412.03024395375
1958,287117.93439354433
1959,138661.8830051158
1960,106156.83274591697
1961,119287.00198331026
1962,94351.17247516447
1963,113520.6662729865
1964,104407.6370767292
1965,149424.17772337265
1966,142121.68841201748
1967,278611.3986182409
1968,361134.6500377802
1969,342765.776796274
1970,342614.9196604325
1971,399880.60043267754
1972,344328.5633226948
1973,285651.12917959446
1974,312445.8141648226
1975,400798.74825829186
1976,267356.2246317068
1977,326821.24801363575
1978,309676.13310526666
1979,303387.4441028711
1980,197079.46651425416
1981,324481.1669549317
1982,217879.76683478965
1983,207008.53098055825
1984,185110.36910246065
1985,217395.61217105764
1986,210151.4966814743
1987,190217.22620612168
1988,195398.53453609682
1989,208860.96166238666
1990,226936.6433090885
1991,220883.54216864507
1992,237500.31432042416
1993,191012.86292785278
1994,229160.67296309536
1995,185437.02045157753
1996,275144.86817194417
1997,296039.15200380783
1998,283436.08140669996
1999,275484.6117720237
2000,289889.26452927967
2001,300863.19707827666
2002,250485.03809829915
2003,262616.95590733824
2004,287230.80962773616
2005,245586.81817218976
2006,216580.73930863262
2007,256201.44001573662
2008,222875.9216948502
2009,209282.21221512888
2010,220049.44999861863
2011,147016.79207497952
2012,192073.60050654653
2013,193997.97251285467
2014,209873.4071246824
2015,221901.3910170052
2016,204999.5044894945
2017,211642.6458059627
2018,117539.68156656249
2019,140924.43356282037
2020,100838.47182821129
2021,100930.54069650435
2022,190784.56542572673
2023,153369.85985029535
2024,286383.513373098
2025,326882.93108126114
2026,185052.13501918316
2027,166867.82195248673
2028,157535.8281214611
2029,170326.42351940498
2030,267877.3576630355
2031,242445.51475265934
2032,257986.36849209684
2033,254803.78998593622
2034,181016.59763759785
2035,219766.8044044414
2036,218247.6448918217
2037,222225.81491436102
2038,299061.15028323315
2039,220265.56499190454
2040,315796.1072502165
2041,284706.870833811
2042,207059.317541722
2043,182678.16940740688
2044,180047.91947911566
2045,211726.1063073727
2046,136898.69178523368
2047,141453.95434374124
2048,151649.52959812948
2049,142047.86288680768
2050,175816.5113760473
2051,109283.384305808
2052,119335.61751774114
2053,154990.60084204262
2054,74654.47618416033
2055,163255.1953114822
2056,151365.7026066315
2057,116899.99364298799
2058,221259.8248673728
2059,135189.76045052742
2060,180580.42705367948
2061,179343.82943425846
2062,116147.30541941072
2063,113294.33998428163
2064,127617.56839432895
2065,115706.19324382638
2066,172954.39313815016
2067,119722.10284625286
2068,137007.98178732244
2069,74025.36236286882
2070,104483.84499848059
2071,95835.0581240401
2072,161464.81147430424
2073,143852.32620054082
2074,197214.4647663351
2075,142217.37085884612
2076,117100.55788392932
2077,148255.99359670014
2078,111409.46739994774
2079,147275.6790348536
2080,106276.2469940906
2081,122112.25632844098
2082,122875.61461545865
2083,140073.04717103724
2084,90164.90198858456
2085,111832.9927777176
2086,121616.75320302199
2087,130008.715232628
2088,111591.09462930313
2089,86995.1855647814
2090,136945.4713785296
2091,102724.03241315814
2092,139274.11301279388
2093,156542.82355842236
2094,119285.39875635134
2095,148469.04580674146
2096,84210.61271911615
2097,114050.16235318479
2098,150179.87583682116
2099,31784.248711463064
2100,74596.41799185713
2101,133936.2874745016
2102,140433.9440066786
2103,103242.74306809752
2104,146648.120219193
2105,154957.84059306566
2106,69896.10019134192
2107,201076.04963351265
2108,124663.49456328242
2109,98043.92692184838
2110,113707.15060954167
2111,140026.33166955493
2112,119840.22364032695
2113,122681.48092735923
2114,120939.18467548663
2115,156314.45534536932
2116,102393.87144473007
2117,144155.4969191649
2118,116118.45339517058
2119,100595.00926481264
2120,130410.28521000741
2121,79277.76377080887
2122,105835.4348702733
2123,75164.84881708372
2124,154240.14041819438
2125,142693.6529218034
2126,155979.11329464873
2127,167167.7935396348
2128,142623.66431139107
2129,96901.20943960389
2130,119467.0969127945
2131,140587.90670062404
2132,117496.3689564304
2133,119599.88067918147
2134,128042.57508018879
2135,108499.59379748857
2136,71720.46962364836
2137,107246.53959928639
2138,152419.44354656653
2139,160917.32837060207
2140,156831.75909935246
2141,173274.03746377485
2142,136171.67593364112
2143,148529.2924794308
2144,119352.57519780697
2145,148146.83515799564
2146,154312.0882068022
2147,163831.41063223622
2148,149921.96516575766
2149,177118.6471333957
2150,214177.70284759215
2151,118562.1542558814
2152,187473.4040458661
2153,181732.54159883774
2154,105409.9579757439
2155,133165.78469109815
2156,266214.6758948374
2157,242767.23149429046
2158,237575.1754273019
2159,231159.99922288535
2160,195707.95962414815
2161,251298.45543465108
2162,342015.3643109772
2163,346127.803809925
2164,254305.8968539057
2165,200292.17116368093
2166,145444.17107059044
2167,212999.6465902381
2168,197769.3411773257
2169,202832.15297363736
2170,214656.09505596058
2171,163569.04288819426
2172,140330.82598043713
2173,161700.6914457755
2174,221006.53861587093
2175,263567.67009133974
2176,283135.0284665713
2177,233159.17906184567
2178,224002.4927850475
2179,146069.54353407136
2180,195604.90469189498
2181,195763.0409376911
2182,220595.64636375217
2183,200788.63779100866
2184,119828.8584575086
2185,139872.31077159036
2186,148557.58107077808
2187,170324.83369691248
2188,162183.10774952988
2189,282697.6270951348
2190,57126.39202055539
2191,52795.83934051893
2192,80300.84250586014
2193,116177.86818517822
2194,98709.8622548268
2195,97213.51989884127
2196,104275.39122122647
2197,114661.35111013672
2198,160463.0725902676
2199,184498.8708189195
2200,133944.51940799807
2201,143704.70483903977
2202,204462.76418671044
2203,130117.41490135128
2204,159378.10813258478
2205,99585.1329676142
2206,137846.4554764151
2207,187852.06020732978
2208,219701.35356269623
2209,195796.2361096797
2210,114166.95780654984
2211,104380.54655343608
2212,126038.29993030932
2213,104960.87330271919
2214,158909.0003787418
2215,88749.65395306646
2216,153966.94453766433
2217,79976.09724792882
2218,89060.68382552137
2219,81401.62912176567
2220,97384.47002174456
2221,289043.82216936816
2222,266959.22519457707
2223,291578.7880992019
2224,220112.8840199754
2225,114271.63074548866
2226,187034.17569515528
2227,223094.1802703552
2228,281911.167332118
2229,251483.74111791654
2230,153882.2079903668
2231,229936.10281818212
2232,193428.7050587372
2233,212678.7250370246
2234,269939.1280147031
2235,243342.5670668518
2236,258849.28098099987
2237,318245.0402165334
2238,202776.20345735401
2239,108633.92468259485
2240,172835.1758824285
2241,169386.56988442276
2242,123348.23003987053
2243,129184.78802901131
2244,114535.05862088289
2245,100883.87732170447
2246,147967.39030478598
2247,124113.53407209806
2248,114760.8903953748
2249,122716.26469258833
2250,126034.47157474433
2251,112697.43323440799
2252,179280.72559040657
2253,154568.94360114457
2254,179209.65618761198
2255,191865.01867432467
2256,186586.3800155403
2257,207134.7754595937
2258,173786.8379799897
2259,181625.73211963358
2260,153990.49706116598
2261,193175.31322941367
2262,195727.9248468612
2263,340453.69311350805
2264,404492.0068009897
2265,174254.65409415154
2266,273131.5552032361
2267,322679.9523257576
2268,363418.3826879206
2269,164446.46661792198
2270,210704.53465742836
2271,213285.36338898435
2272,258458.04940223263
2273,177283.87392097677
2274,187545.5974329159
2275,175349.9089287729
2276,205269.73140162334
2277,182619.46959906878
2278,146236.52022832504
2279,139886.31263792425
2280,108289.82190969116
2281,180948.2761553612
2282,189039.64541976617
2283,115370.05212688241
2284,131176.17088473187
2285,131786.09143718012
2286,117148.39946374005
2287,336277.3242543551
2288,270468.15177849523
2289,295393.5633021977
2290,372129.2430105816
2291,310487.59488212806
2292,368645.02948977833
2293,386879.3198763535
2294,344466.49543347064
2295,405952.15886609466
2296,244928.98982063684
2297,328713.9488938005
2298,330936.34006817406
2299,336089.6182284324
2300,296269.5713983929
2301,310028.1707547436
2302,247139.78510459993
2303,239803.69703093215
2304,236274.79321212973
2305,210205.2507955412
2306,207936.7317273727
2307,221040.64534318072
2308,220898.9020385873
2309,290326.369073026
2310,211589.97718149773
2311,211549.123154838
2312,196086.27252413472
2313,186899.19314935076
2314,188035.34973206025
2315,196303.7069179765
2316,206114.23309704615
2317,203866.1052460869
2318,201587.10154529632
2319,195416.25862907554
2320,186203.1572176866
2321,229133.25918696268
2322,199736.92873770176
2323,193530.4488667891
2324,203940.32653900533
2325,224549.86445489182
2326,192437.0376776414
2327,210412.2493495993
2328,231447.58643212204
2329,191203.94874994908
2330,189941.3881829293
2331,315588.9685799878
2332,335694.7387165146
2333,285676.3320725348
2334,244033.18762070095
2335,269400.5824067724
2336,285079.17619587365
2337,198332.75604173468
2338,252762.78825525293
2339,231752.8510936547
2340,373509.40070820093
2341,221337.98845927688
2342,241328.20168540825
2343,238313.93032573152
2344,225396.87351511544
2345,229863.98135429373
2346,211437.90075917958
2347,198820.03056151164
2348,245724.6706366834
2349,192468.858955372
2350,314142.4261366062
2351,260914.060140892
2352,256801.44913617225
2353,259889.39797874543
2354,136103.65352089144
2355,148638.20443652867
2356,170293.67420921038
2357,210295.36416505353
2358,212699.66923210272
2359,132544.61580509297
2360,117711.16462195483
2361,143808.28761802928
2362,260659.6364451097
2363,161475.28063169622
2364,183570.91604973885
2365,234186.57627863935
2366,198360.93274403966
2367,215776.94150131592
2368,211968.43855584666
2369,209011.35682765272
2370,171366.01837740425
2371,173380.9401735043
2372,203378.71235482767
2373,286032.3089774875
2374,300881.82693993166
2375,230772.56995033697
2376,280385.81324784184
2377,306159.4305678446
2378,149019.6885040503
2379,207876.38101217858
2380,170257.15435169078
2381,185009.65328126654
2382,214325.154569089
2383,201830.5830119782
2384,244733.48485821535
2385,184195.5067279335
2386,137350.71881379845
2387,129928.97114205781
2388,108222.9148841032
2389,125991.9095097964
2390,146859.3404492993
2391,150730.82575794304
2392,101166.21201229292
2393,178409.98487778977
2394,137006.0626473233
2395,212997.85503783758
2396,141373.36438601286
2397,211851.5593324698
2398,124194.6921945135
2399,70094.73210178828
2400,61253.223368273844
2401,110046.27402949028
2402,146783.0607534813
2403,135236.07375252654
2404,161046.45968581398
2405,173640.95268512875
2406,137329.6532000262
2407,135288.3231944958
2408,161008.57795377568
2409,117687.21947666701
2410,183175.8547685406
2411,99386.72882169131
2412,155512.8441520099
2413,118080.6990685526
2414,150373.61487169302
2415,131262.8593609096
2416,119482.48130920022
2417,120150.92819655304
2418,118183.27067938285
2419,136407.7356199662
2420,117737.64178923955
2421,139138.75783862924
2422,101101.0594432666
2423,143439.7957486139
2424,154574.0943853986
2425,213897.47695539214
2426,146836.7842703053
2427,140494.86777521594
2428,188439.1837688311
2429,108521.35053784958
2430,127996.00830524357
2431,104973.56530107128
2432,147248.6449735947
2433,134452.86479366885
2434,132905.28197939065
2435,146367.11809549946
2436,113242.34500055967
2437,102387.4692502446
2438,124184.07144242967
2439,112455.36905630167
2440,128042.90210818266
2441,129896.58687761586
2442,101503.49629718189
2443,138812.6772769686
2444,147294.03665943124
2445,107523.1723187091
2446,143506.14149473037
2447,208179.19970130452
2448,131407.07725190802
2449,126538.83335807447
2450,162109.62750089186
2451,131104.8003763443
2452,193982.35818361773
2453,89347.0717809513
2454,120820.04545267137
2455,116347.07543543176
2456,126897.18144510694
2457,127431.8166955286
2458,125420.17696449137
2459,101005.0057896842
2460,141621.808549374
2461,115108.08760943652
2462,125574.70294187366
2463,124892.26400904098
2464,175550.5222566286
2465,135766.45401222905
2466,124581.86976726651
2467,165531.18451386612
2468,96511.11704646132
2469,87396.37484396264
2470,201862.68849761953
2471,208080.70849395366
2472,166840.1478973003
2473,118676.42277980459
2474,93566.2738412895
2475,214065.1717236726
2476,111150.68013291854
2477,123377.69777439149
2478,161566.04571563704
2479,103614.72087948199
2480,153250.73179853073
2481,138882.22276353778
2482,143338.47173154948
2483,109209.06859462096
2484,129691.21742121081
2485,132070.85313921105
2486,143961.46218535688
2487,220282.09680741187
2488,177065.11938375418
2489,150065.334596109
2490,150654.76024261932
2491,104420.90694748318
2492,191918.72220431524
2493,162925.48200298054
2494,145339.65401128712
2495,75414.69677607247
2496,241018.76004405395
2497,158676.92892656822
2498,97501.76480662792
2499,84610.22453938462
2500,112189.09208551364
2501,144729.68760756863
2502,143129.90306230588
2503,111354.15455000171
2504,188168.00426087767
2505,225144.52466886988
2506,258551.31932617584
2507,277858.0206096751
2508,261457.7510390421
2509,227312.48092092425
2510,220470.15269768698
2511,182500.10224695882
2512,209127.8114548509
2513,244091.96983330033
2514,269068.90409872576
2515,142329.8986121749
2516,183668.81136819182
2517,136117.84863325267
2518,151764.52819378139
2519,225025.30962117625
2520,219526.8753981599
2521,197459.7662657721
2522,221845.93855822095
2523,125014.38033241036
2524,145579.10791425357
2525,143963.73848893287
2526,145698.0076557541
2527,124010.43075398497
2528,119599.06237275305
2529,147204.8707867558
2530,123100.93565148547
2531,232220.05754289764
2532,221990.5488942361
2533,209781.99231530708
2534,243729.0724562732
2535,262675.9080637696
2536,236242.44278422126
2537,222441.44665929943
2538,194413.34153735297
2539,202515.44340108545
2540,187010.24578869692
2541,191037.4669994649
2542,177144.3683039542
2543,130895.6005746852
2544,107615.99333272777
2545,138166.50483558228
2546,136348.9328480364
2547,151296.00009579386
2548,158517.25399636023
2549,156393.64203951322
2550,560078.4820687978
2551,149544.91549146367
2552,137327.64761992448
2553,73329.60446794803
2554,77408.0259120453
2555,102437.42380896574
2556,88248.42950664881
2557,100004.60333431329
2558,160521.51689203
2559,120233.31561225014
2560,145466.92081536865
2561,126976.36564412115
2562,121561.88039060507
2563,116002.2819333198
2564,178532.86376098596
2565,128097.68661049538
2566,145050.6152674756
2567,121600.91948154007
2568,178813.21536716903
2569,210565.38893556295
2570,117056.96693829686
2571,173559.67902638006
2572,150552.86008159918
2573,217054.08792710808
2574,241883.410956322
2575,145011.8624287953
2576,130851.36772368319
2577,163571.67997902012
2578,84160.33259665474
2579,35784.27349602882
2580,112375.67660879194
2581,121761.36796569994
2582,140043.6718867171
2583,253927.43349055242
2584,184156.1343650188
2585,205320.9952944485
2586,218254.25684330135
2587,194983.80357294081
2588,143196.00978187556
2589,162669.4601277335
2590,232313.3571531526
2591,253154.42765530536
2592,220415.91387706506
2593,276082.98445179936
2594,193605.2500568332
2595,228684.30194050106
2596,306853.96960985416
2597,214648.9577477613
2598,283005.88158770767
2599,339191.7675331358
2600,168971.37004779224
2601,155506.5750042157
2602,78853.73204646356
2603,97801.06932835629
2604,85118.69215563571
2605,86604.33666757491
2606,163147.31274618703
2607,224469.50532656023
2608,208413.07943925328
2609,182852.38746809066
2610,101762.51082866114
2611,134692.65047416714
2612,158639.41002607968
2613,136749.86296539352
2614,113002.38392131864
2615,167062.4528683012
2616,159167.96311626537
2617,192328.69978006365
2618,234600.69152305878
2619,204338.22943637456
2620,186895.29815072674
2621,177020.23110898238
2622,188334.03239091072
2623,233995.60351064013
2624,288457.03414137557
2625,268488.3555299286
2626,179691.92617516892
2627,163187.96626680944
2628,378115.73824289965
2629,411670.87126839935
2630,320153.8855502885
2631,397018.34854149085
2632,363955.9233680491
2633,273386.47187164146
2634,363745.63353056577
2635,168435.24548528017
2636,183261.0485116694
2637,209629.71724080484
2638,262935.03129510046
2639,188192.56346938474
2640,158711.65858875593
2641,96553.63766070419
2642,192803.88902559597
2643,108415.73683450767
2644,127026.71848044622
2645,116164.15392594908
2646,99949.08246503817
2647,119385.01954219675
2648,148294.85879075318
2649,146259.9983672112
2650,126701.32571432953
2651,148435.22464626143
2652,342956.62872659374
2653,249196.9385497584
2654,253085.34614071116
2655,359480.552556818
2656,316253.5439286963
2657,330677.14242362854
2658,303270.58690681163
2659,288946.1050298135
2660,335369.3180974371
2661,316834.9215790234
2662,345347.88436137367
2663,264714.5911923034
2664,279583.9973153461
2665,303693.41975048534
2666,277570.4912541126
2667,191616.71044494346
2668,195362.54898794042
2669,199624.55480615987
2670,276256.3805277239
2671,203662.29063472952
2672,201302.213317089
2673,198091.00092809557
2674,200683.47910060003
2675,175937.00324812805
2676,218323.4686889865
2677,205268.59180900682
2678,250824.83428681875
2679,269644.58005652187
2680,260796.64624202237
2681,362839.3215877176
2682,305796.61844136065
2683,418284.69941946224
2684,293952.8731014433
2685,299162.23534469487
2686,255615.9012789636
2687,280826.18592279026
2688,222688.2917739118
2689,206288.17113793147
2690,351328.5147300925
2691,197984.5493914719
2692,143274.0702816117
2693,222033.63825266622
2694,145109.86447060408
2695,213817.43289467538
2696,205343.1212617055
2697,195996.37686931717
2698,227762.9023606024
2699,179626.00864633408
2700,163666.62982131747
2701,182316.84863609765
2702,128024.15393108565
2703,138999.4633602077
2704,147799.9731298684
2705,110077.62257666014
2706,110625.66933053244
2707,138765.56592883012
2708,120801.4818474184
2709,107658.35613555208
2710,122753.36482456235
2711,291745.0729180873
2712,338730.4464505177
2713,176150.35683850237
2714,163537.12659265302
2715,177709.46769152774
2716,162777.14688191807
2717,201405.58762826904
2718,222490.14657781846
2719,166767.95869662042
2720,195626.6373159092
2721,136739.1439901308
2722,185237.64542308066
2723,170366.8208070485
2724,131422.90677356505
2725,128209.0354666873
2726,142235.030594595
2727,181684.53719372515
2728,190354.74743728037
2729,149342.1984155994
2730,140786.90075805527
2731,133796.4409622227
2732,123341.23549390833
2733,152325.00561964425
2734,150304.91810849373
2735,141297.18428936525
2736,129973.62013350228
2737,105139.45113371202
2738,128746.60193705714
2739,159701.96663234703
2740,139932.0350960659
2741,157278.5686382174
2742,178891.71982692444
2743,159871.9585318252
2744,165659.5555944742
2745,151181.41669084234
2746,124659.11854972455
2747,156808.15174695454
2748,121623.87875200175
2749,132225.9206237945
2750,118377.23944196619
2751,131766.02396445235
2752,228159.68041370745
2753,151968.76420949347
2754,237662.999018678
2755,135766.69580901664
2756,95095.07102947921
2757,84197.3875274201
2758,115707.28339012935
2759,163482.38992083725
2760,140037.92394391663
2761,150591.72133812174
2762,142819.92525460233
2763,189921.37286801235
2764,171241.9831216046
2765,261585.63908946372
2766,137022.93261910503
2767,77114.96240377292
2768,105115.18610832664
2769,126906.98413357254
2770,143844.49956501712
2771,103790.69529331564
2772,105319.64398638289
2773,193901.1623137496
2774,144285.1267874479
2775,133451.88435390877
2776,154644.1346800739
2777,175435.8898877867
2778,119273.37918409778
2779,148988.03069659884
2780,101436.1389467448
2781,81980.52077175619
2782,101548.00743626438
2783,94577.5822530798
2784,125112.41621982017
2785,153216.3325227942
2786,73062.81161796619
2787,132481.1759744995
2788,81200.8805421271
2789,181578.92675387702
2790,96744.57825022581
2791,120337.36127143756
2792,80527.19301507852
2793,152194.85771159397
2794,93964.6931629607
2795,116398.1566507111
2796,76240.92154106352
2797,205217.4831707122
2798,127134.96261513213
2799,139525.264872152
2800,65207.86861021418
2801,100177.48823797445
2802,131795.06533073913
2803,154810.2140753747
2804,127997.47799888586
2805,91161.57649502154
2806,80576.9584753488
2807,167202.56143975013
2808,169513.49927190802
2809,128316.03143541994
2810,126596.30712987717
2811,174207.57152862087
2812,174513.6661236371
2813,172127.03641562982
2814,157671.57431043
2815,119454.0202513494
2816,221094.08228045676
2817,163806.2752616839
2818,145300.47730726772
2819,183950.0323475044
2820,138802.01813949615
2821,118493.42648773352
2822,194314.2211503945
2823,288398.46555525326
2824,186603.8263435327
2825,166575.41268598984
2826,137304.51884287526
2827,133644.8572821226
2828,252999.36245099423
2829,224211.06638330975
2830,219636.38844706703
2831,197274.6763765217
2832,229298.61328143132
2833,285457.85379217315
2834,223251.9992571217
2835,223936.7044116865
2836,219395.07331023304
2837,157289.64583441347
2838,138982.06848907337
2839,190577.20458577658
2840,193534.4185737833
2841,209231.62823062425
2842,231199.18599530932
2843,160320.0102439599
2844,173592.93003105067
2845,108135.0393880195
2846,217739.08133512863
2847,202699.26397991582
2848,207565.282302188
2849,202358.58920073436
2850,275033.0973637279
2851,221720.56548637577
2852,236490.68489866523
2853,234623.77902529432
2854,159625.57162753507
2855,204133.9375909541
2856,204134.95674637234
2857,201900.08659923263
2858,207119.24290020316
2859,122634.00961055978
2860,144747.21974318736
2861,126389.70173163398
2862,224476.1759097697
2863,137378.6365735966
2864,259135.81660424444
2865,138628.50394199972
2866,165756.02111589286
2867,105337.40321358242
2868,122241.96273179533
2869,102543.74354440172
2870,132396.9552665761
2871,78108.69219494503
2872,27155.27599678113
2873,88775.27948609514
2874,162867.16332768172
2875,122900.13123188578
2876,184287.59597252143
2877,133502.06547179667
2878,136966.52084779355
2879,137380.12012175866
2880,111830.76089201769
2881,114457.20003039009
2882,152083.79469050036
2883,188918.97575108393
2884,190917.83123240265
2885,164078.2218106935
2886,221694.74807668827
2887,96265.98934200333
2888,152898.1808813605
2889,48343.21287615891
2890,82205.19241840302
2891,148418.58137479296
2892,36918.71428477971
2893,85378.144224636
2894,67952.44830270793
2895,297336.9424048755
2896,263465.5721543537
2897,214297.7520660016
2898,152039.9545713833
2899,228126.12228787367
2900,158464.4452565114
2901,226794.65107548164
2902,217608.96346346202
2903,311864.60901489214
2904,330390.3528765624
2905,76176.13160157806
2906,203195.61925970108
2907,110433.90049418042
2908,132063.3684320582
2909,155470.87612490988
2910,72742.15773080825
2911,71819.3710851107
2912,159462.81849509332
2913,69762.6967388553
2914,64693.25387604089
2915,74972.91253751531
2916,70150.52242632073
2917,160594.03885673697
2918,117702.92663816024
2919,238863.00712903024
